customer_id,customer_name,email,signup_date,country
1,LACEY COLEMAN,delacruzchristopher@example.net,2025-06-20,United Kingdom
2,courtney hernandez,robingould@example.org,2025-04-05,Canada
3, Ashley Cooper ,riverashawn@example.com,2025-02-13,US
4,CHRISTINE WILLIAMS,henrykelly@example.net,28/07/2025,Canada
5,kyle miller,ogallegos@example.net,2024-06-29,United Kingdom
6, Natasha Rice MD ,mgarcia@example.com,2024-10-21,UK
7,CATHERINE SNOW,NICHOLSDAVID@EXAMPLE.ORG,2026-01-08,United States
8,debbie jones,barrycervantes@example.org,20/05/2025,CA
9, Jennifer Williams ,kweber@example.org,2026-03-28,Canada
10,SAMUEL GARCIA,aliciahall@example.net,2025-10-19,USA
11,alexander ramirez,jennifer13@example.org,2025-03-03,USA
12, James Vaughn ,zmcknight@example.net,07/01/2026,Canada
13,KRISTA FROST,garciadouglas@example.com,2025-07-31,USA
14,mary jackson,RADAMS@EXAMPLE.COM,2026-05-06,UK
15, Selena Davis ,mcclurekevin@example.com,2024-04-25,USA
16,PAMELA WYATT,jaredaguirre@example.org,04/07/2025,US
17,janice phelps,alexajuarez@example.net,2024-09-01,UK
18, Jason Vazquez ,ppena@example.net,2024-12-20,US
19,HOLLY GEORGE,ryanalex@example.com,2024-05-25,UK
20,brooke campbell,ramosdenise@example.org,01/02/2026,CA
21, Larry Mosley ,WOLFEKIMBERLY@EXAMPLE.NET,2023-08-12,USA
22,LORETTA CRAIG,olsoncaleb@example.net,2025-08-17,USA
23,abigail thompson,lewisdonald@example.com,2024-10-25,United States
24, Diana Rodriguez ,hodgesbarbara@example.net,03/05/2024,United States
25,ALISON SMITH,felicia13@example.com,2026-01-25,
26,deborah reilly,jwilliams@example.org,2024-04-24,UK
27, Jay Ramirez ,angelahahn@example.com,2023-07-29,USA
28,TIMOTHY WILLIAMS,CLINTON44@EXAMPLE.NET,14/01/2026,Canada
29,jordan howard,rcross@example.org,2023-10-09,CA
30, Elizabeth Nelson ,sarahthompson@example.org,2024-08-14,USA
31,KENNETH JOHNSON,jenkinssteven@example.org,2025-05-30,United States
32,timothy bowman,seanbrown@example.net,28/06/2023,CA
33, Susan Thomas ,briangreen@example.com,2024-02-21,US
34,DENISE ROBBINS,michaelmcdaniel@example.net,2024-01-23,Canada
35,michael nelson,BIANCATOWNSEND@EXAMPLE.ORG,2023-07-11,CA
36, David Rodriguez ,thomas76@example.com,04/03/2026,US
37,ALEX GUERRERO,hugheskelli@example.net,2024-04-12,USA
38,michelle paul,mitchellrobertson@example.net,2026-05-04,Canada
39, Christopher Hayes ,haroldblair@example.net,2024-11-24,UK
40,JONATHAN PERRY,kimjoseph@example.com,19/03/2024,Canada
41,steven todd,andrewhawkins@example.org,2025-03-22,United Kingdom
42, Ashley Davis ,ZSTEPHENSON@EXAMPLE.ORG,2025-01-12,UK
43,DANIEL GLENN MD,nancy23@example.org,2023-11-27,CA
44,timothy scott,kimberlyjohnson@example.org,12/09/2024,CA
45, Terry Bowers ,monica56@example.net,2025-06-16,USA
46,CHRISTOPHER BROWN DDS,danielhall@example.net,2023-08-31,UK
47,thomas rodriguez,masonwilliam@example.com,2025-01-13,United Kingdom
48, Ronnie Clark ,dpena@example.org,10/03/2024,UK
49,JOSHUA WYATT,BETH59@EXAMPLE.COM,2025-08-23,United States
50,katelyn oneill,james62@example.com,2024-03-15,
51, Jacqueline Johnson ,ostafford@example.net,2025-08-05,United States
52,JAMES CHAVEZ,william38@example.org,12/02/2024,United Kingdom
53,wanda mcdaniel,mendozaellen@example.com,2025-06-21,United States
54, Devon Pollard ,jcollins@example.org,2026-02-12,CA
55,JAMES SEXTON,jenniferbrady@example.org,2024-06-23,CA
56,john lewis,WILLIAM42@EXAMPLE.ORG,11/11/2023,Canada
57, Paige Watts DDS ,derrickgalvan@example.com,2026-06-06,USA
58,RUSSELL GIBSON,elizabeth57@example.net,2024-07-12,Canada
59,theodore hardy,esingleton@example.net,2025-08-29,Canada
60, Cynthia Strong ,ijordan@example.net,25/08/2024,CA
61,CHARLES HERNANDEZ,cookjuan@example.org,2026-05-14,Canada
62,ana martinez,james27@example.net,2026-05-16,Canada
63, Ronald Marshall ,SILVAEMMA@EXAMPLE.NET,2024-12-10,United Kingdom
64,ANTHONY WOOD,christopher28@example.org,15/08/2024,Canada
65,megan smith,farmersamantha@example.org,2024-03-18,Canada
66, Mr. William Edwards ,elizabeth22@example.org,2025-10-19,Canada
67,AMY TORRES,mcollier@example.org,2025-08-22,UK
68,erin reynolds,danielmack@example.com,15/02/2024,UK
69, Gary Jackson ,juliecurtis@example.org,2026-03-16,UK
70,SETH TORRES,STEVEN75@EXAMPLE.COM,2024-10-04,CA
71,robert vargas,anne89@example.net,2024-09-23,US
72, Monica Riley ,morgangeorge@example.com,24/11/2024,UK
73,STEPHEN STEVENSON,amaddox@example.net,2024-10-01,United States
74,david blake,erice@example.org,2025-11-10,Canada
75, Julie Anderson ,josevargas@example.com,2025-06-06,
76,JENNIFER ROBBINS,lisaavila@example.net,15/09/2024,USA
77,sarah evans,KEVINJOHNSON@EXAMPLE.ORG,2025-09-17,CA
78, Joshua Benitez ,stokesandrew@example.com,2024-05-09,United Kingdom
79,MRS. CATHERINE THOMPSON,ortizchristopher@example.com,2026-05-23,CA
80,amy gonzales,julia40@example.com,29/10/2023,USA
81, Kenneth Lewis ,sandrawilliams@example.org,2025-10-12,United States
82,MICHELLE SMITH,justin06@example.org,2025-11-21,USA
83,joel hartman,annette08@example.org,2024-03-20,United States
84, Scott Patterson ,HERNANDEZDIANE@EXAMPLE.NET,01/07/2025,UK
85,DANIELLE SELLERS,kchandler@example.com,2026-03-28,US
86,kenneth smith,mcleanamy@example.org,2023-07-12,UK
87, Deborah Sanchez ,egibson@example.com,2026-01-13,UK
88,STACEY OLSON MD,lisa40@example.net,21/04/2026,United Kingdom
89,steven mcmillan,thomas72@example.com,2025-08-14,UK
90, Hector King ,dianegonzalez@example.org,2026-01-17,US
91,NATHAN PACE,ROGERSMATTHEW@EXAMPLE.ORG,2024-01-09,UK
92,rachael johnson,christianlori@example.com,12/03/2026,Canada
93, Samantha Mccarthy ,kristinandrews@example.net,2025-02-11,United Kingdom
94,KYLE FLOYD,jennifer18@example.net,2024-02-23,United Kingdom
95,carrie pruitt dvm,kmcdonald@example.com,2023-07-10,United States
96, John Curry ,glennlaura@example.org,01/04/2024,US
97,VICTORIA CARROLL,frivera@example.org,2023-08-16,USA
98,lydia miller,JILLIANADKINS@EXAMPLE.ORG,2024-01-28,US
99, Nicole Bailey ,westrobert@example.org,2023-10-21,United Kingdom
100,JENNIFER CHANG,keith13@example.org,11/04/2025,
101,jessica duffy,stephencarey@example.org,2024-04-05,United Kingdom
102, Michael Anderson ,zpatel@example.com,2024-03-14,US
103,PAUL COLEMAN,holmesangelica@example.org,2025-12-31,United Kingdom
104,emily vazquez,mcdanieljoseph@example.net,19/03/2026,Canada
105, Katelyn Delgado ,WARDALEXANDRA@EXAMPLE.COM,2025-11-05,United Kingdom
106,BRENT DAVIS,cfranklin@example.com,2024-04-04,CA
107,matthew lyons,ilee@example.com,2024-02-04,US
108, Susan Bradley ,lindajohnson@example.org,29/11/2023,UK
109,KENNETH WILLIAMS,jacobbrown@example.net,2025-01-25,United Kingdom
110,kristen anderson,judith75@example.org,2026-01-14,USA
111, Christy Rodriguez ,franciscomason@example.net,2025-10-09,USA
112,CYNTHIA BROWN,JENNIFERWILLIS@EXAMPLE.COM,22/03/2025,United States
113,alexandra hall,evelynweaver@example.net,2025-02-26,Canada
114, Courtney Bauer ,marciaolsen@example.org,2025-05-14,Canada
115,RODNEY GIBSON,mallorylopez@example.net,2023-09-23,CA
116,kara mercer,johnnyvelazquez@example.com,31/03/2025,USA
117, Kyle Chavez ,douglas20@example.net,2026-04-19,UK
118,SARAH STEWART,rogerstyler@example.net,2025-07-01,CA
119,rebecca silva,MCKINNEYBRITTANY@EXAMPLE.NET,2025-01-13,Canada
120, Chelsea Russell ,zvelez@example.net,03/05/2026,US
121,ZACHARY GREENE,susan59@example.org,2024-03-18,Canada
122,paul thompson,bethanymccoy@example.com,2024-12-25,CA
123, Timothy Martin ,benjaminwells@example.com,2024-10-02,United States
124,KEVIN OROZCO,mathew52@example.org,18/01/2024,Canada
125,gabrielle gonzalez,katie00@example.org,2026-05-02,
126, Clinton Russell ,STEPHANIEJACKSON@EXAMPLE.COM,2025-06-10,UK
127,THEODORE WALTER,daniellezuniga@example.com,2024-11-18,United Kingdom
128,ian warren,annjohnson@example.com,24/04/2025,US
129, Cheryl Oneal ,sierrahoward@example.com,2023-10-15,United States
130,TODD STARK,paige46@example.net,2025-01-29,USA
131,rebecca vasquez,fwhite@example.net,2024-10-30,US
132, Kimberly Smith ,ncortez@example.com,16/03/2026,USA
133,JASMINE BLACK,BRIANWALSH@EXAMPLE.NET,2025-07-04,CA
134,beverly pierce,ygarcia@example.net,2025-02-28,US
135, Mario Mitchell ,qtran@example.org,2024-01-09,United Kingdom
136,VINCENT CHANDLER,amynelson@example.org,24/01/2025,USA
137,dr. andrew taylor,thomasaaron@example.net,2024-12-14,UK
138, David Dyer ,melissa13@example.com,2024-12-05,United States
139,DAVID CHEN,brandonbrown@example.org,2025-01-11,Canada
140,william hicks,WAYNEWHITE@EXAMPLE.ORG,01/08/2024,Canada
141, Michael Rice ,pgarcia@example.net,2026-06-06,USA
142,MR. BRANDON BURGESS MD,martinezcrystal@example.net,2025-05-15,CA
143,bryan williams,pauldiaz@example.org,2026-03-08,United Kingdom
144, Julie Coleman ,matthew20@example.net,16/07/2024,Canada
145,DAVID JOHNSON,justin80@example.org,2025-03-29,UK
146,jessica fox,timothy15@example.org,2024-01-20,US
147, Lisa Harris ,CAMPOSAMY@EXAMPLE.COM,2024-03-24,CA
148,MATTHEW HARPER,khernandez@example.org,13/02/2025,United States
149,jeremiah johnston,alarson@example.net,2025-02-28,Canada
150, Holly Andrews DDS ,gpope@example.org,2024-03-15,
151,MARCUS MARTIN,mosswendy@example.org,2024-09-24,Canada
152,anthony gordon,amy88@example.com,13/05/2025,USA
153, Frederick Phillips ,toddkyle@example.org,2024-12-17,USA
154,JEAN OLIVER,DANIELLE23@EXAMPLE.NET,2024-01-24,Canada
155,allen clark,kerrydonaldson@example.org,2025-10-29,CA
156, Katie Gill ,william86@example.net,18/05/2026,Canada
157,VICTOR COLLINS,jessica47@example.org,2023-12-28,Canada
158,mr. justin martin,robert75@example.net,2026-05-12,USA
159, Kimberly Kane ,sherrygrimes@example.org,2024-06-29,UK
160,MICHAEL DAVIS,ycohen@example.org,21/03/2026,United Kingdom
161,william golden,PAULHARRIS@EXAMPLE.COM,2024-12-24,US
162, Amy Jensen ,danalopez@example.net,2023-10-18,United Kingdom
163,GLENN WHITE,russellkara@example.com,2025-10-13,US
164,amanda moreno,russell87@example.com,21/04/2026,USA
165, Jennifer Foster ,debra60@example.org,2024-03-07,UK
166,CATHY JUAREZ,gallagherchristopher@example.com,2025-07-06,United Kingdom
167,matthew hancock,lisamorgan@example.com,2024-12-19,CA
168, Laura Nguyen ,WATSONJENNIFER@EXAMPLE.COM,21/07/2023,US
169,FRANK TAYLOR,gambleamanda@example.com,2026-01-10,US
170,shannon hester,thomasmckenzie@example.org,2023-06-26,UK
171, Ann Miles ,ksmith@example.com,2023-08-21,US
172,TAMMIE THOMPSON,nathanielfaulkner@example.com,27/08/2025,Canada
173,todd brown,klee@example.org,2023-12-29,CA
174, Erik Norman ,evanscory@example.com,2025-07-28,USA
175,JAMES CHANDLER,ELIZABETH36@EXAMPLE.COM,2025-08-14,
176,michelle jenkins,lmoreno@example.com,15/08/2024,UK
177, Nicholas Smith ,john57@example.net,2025-12-15,US
178,JENNIFER LOPEZ,jessica65@example.net,2026-04-08,Canada
179,alexandra adams,pmorris@example.org,2025-11-13,United Kingdom
180, Sean Jenkins ,ashley40@example.org,09/08/2024,United States
181,SUSAN DEAN,vincentramos@example.org,2024-06-11,US
182,nicole day,JULIETHOMPSON@EXAMPLE.ORG,2023-11-09,CA
183, Johnny Sloan ,singletoncarlos@example.com,2024-09-03,US
184,CHARLES HARRISON,esmith@example.net,18/08/2024,CA
185,rodney bond,garzacheyenne@example.org,2026-04-24,US
186, Kelly Parker ,wflores@example.org,2024-05-10,United States
187,EMILY MILLER,richard53@example.net,2026-02-23,US
188,stephanie oconnell,ljones@example.net,08/02/2025,US
189, Raymond Gamble ,THOMAS65@EXAMPLE.NET,2025-03-23,United States
190,ERIK PEREZ,sherry96@example.com,2023-07-17,US
191,marcus nolan,jenningskenneth@example.org,2024-10-29,USA
192, Bill Barnes ,haydendaniel@example.net,12/09/2024,United Kingdom
193,DAVID MAYO,gary40@example.com,2025-06-27,United Kingdom
194,benjamin brown,annasaunders@example.net,2025-11-23,USA
195, Miranda Robinson ,qscott@example.com,2024-08-22,United Kingdom
196,SAMANTHA COOPER,WILSONBRIAN@EXAMPLE.ORG,20/12/2024,CA
197,glenda taylor,fieldsclifford@example.net,2023-10-04,USA
198, Renee Savage ,hjones@example.com,2025-09-22,CA
199,SAMUEL CAMPBELL MD,hansonkevin@example.net,2025-04-16,USA
200,eric herrera,jbanks@example.com,31/10/2025,
201, Jesse Patel ,amyball@example.com,2026-03-02,CA
202,PATRICK BARTLETT,kevinfitzgerald@example.net,2023-10-23,United Kingdom
203,theresa anderson,QFRAZIER@EXAMPLE.NET,2023-08-03,United Kingdom
204, Katie Johnson ,harrisjared@example.com,02/05/2024,Canada
205,EMILY HOFFMAN,ybush@example.net,2024-06-29,United States
206,lisa lara,ztaylor@example.com,2025-03-18,USA
207, Keith Gibson ,smiller@example.net,2025-11-11,US
208,CRAIG LOPEZ,jennifer91@example.com,30/11/2023,United Kingdom
209,juan perez,qroberts@example.org,2024-02-23,CA
210, Brent Jackson ,REBEKAH85@EXAMPLE.ORG,2025-02-28,United States
211,JOHN GOODMAN,joshua12@example.com,2025-08-15,CA
212,mariah joseph,watkinsallison@example.org,05/06/2024,US
213, Jimmy Hebert ,hross@example.org,2023-07-26,US
214,BRADLEY CUMMINGS,davisariel@example.net,2025-12-22,Canada
215,miss cheryl davis,danieltimothy@example.org,2025-09-20,United Kingdom
216, Kiara Collier ,harrisalyssa@example.org,29/12/2025,Canada
217,GARY HANCOCK,VRAMIREZ@EXAMPLE.ORG,2023-10-17,USA
218,brandy huff,sosafranklin@example.org,2024-04-10,Canada
219, Norma Greene ,evansryan@example.com,2026-01-26,CA
220,SAVANNAH MOORE,patriciathompson@example.com,04/01/2026,Canada
221,larry martin,curtisyolanda@example.com,2024-08-01,UK
222, James Rice ,eric23@example.com,2025-03-06,USA
223,ANDREW CHEN,mark92@example.org,2024-10-17,United Kingdom
224,jordan sutton,HTHOMAS@EXAMPLE.COM,28/12/2023,US
225, James Burke ,smithrichard@example.com,2024-10-25,
226,ROBERTO HUMPHREY,romanbrandon@example.net,2025-10-11,United Kingdom
227,kiara hull,lowerycarlos@example.org,2025-10-09,US
228, Heidi Melton ,wtaylor@example.org,25/01/2026,Canada
229,JAMES HARRIS,johnathandiaz@example.com,2025-11-24,United Kingdom
230,mr. timothy williamson dds,vreed@example.org,2025-02-05,United Kingdom
231, Kara Harris ,OBROWN@EXAMPLE.NET,2025-07-23,USA
232,RACHEL GLOVER,sweeneyamy@example.com,16/04/2026,Canada
233,karen christensen,taragarrett@example.com,2025-09-14,United Kingdom
234, John Copeland ,ramireztracy@example.org,2026-04-02,United States
235,SCOTT DAVIS,zchapman@example.net,2025-05-22,United Kingdom
236,erica harris,briandavis@example.net,22/06/2023,CA
237, William Smith ,mccoylinda@example.net,2025-07-15,CA
238,WILLIAM CHEN,SJORDAN@EXAMPLE.ORG,2026-05-03,United Kingdom
239,brandon monroe,pamelaallison@example.net,2025-10-14,United Kingdom
240, Gina Prince ,paulaabbott@example.com,24/07/2025,United Kingdom
241,LINDSAY CLARK,gavila@example.com,2024-11-12,USA
242,kristin elliott,leonardthompson@example.org,2026-05-05,United Kingdom
243, Randall Lowery ,whitney18@example.com,2025-10-17,US
244,JANET RICHMOND,davidbuchanan@example.org,26/01/2025,Canada
245,karen nguyen,VICKI69@EXAMPLE.ORG,2023-09-14,United States
246, Harry Richard ,imarquez@example.net,2025-05-26,US
247,DONNA SHARP,smithjames@example.net,2025-04-12,Canada
248,mr. brian cherry jr.,donna94@example.net,28/04/2025,United States
249, Kyle Wilkerson ,camposerik@example.org,2023-11-05,United Kingdom
250,DOUGLAS OWENS,dford@example.net,2024-02-12,
251,michael webb,jacobtorres@example.org,2024-02-04,UK
252, Brian Smith ,KATIE27@EXAMPLE.COM,22/03/2025,United Kingdom
253,JAMES PHILLIPS,bradley71@example.org,2024-05-29,USA
254,michele gould,othompson@example.com,2023-07-10,United Kingdom
255, Christina Cummings ,teresabryan@example.com,2025-05-24,United Kingdom
256,DAVID DICKSON,zmarshall@example.org,07/10/2023,United Kingdom
257,francisco bowen,nunezstephanie@example.net,2025-03-11,US
258, Elizabeth White ,tina37@example.org,2025-08-28,CA
259,JACQUELINE SCOTT,STEVENMATHEWS@EXAMPLE.NET,2024-10-14,UK
260,kristin garcia,jordan40@example.com,29/09/2023,USA
261, Alyssa Lucas ,nrodriguez@example.org,2024-06-20,UK
262,TODD BAIRD,rlynch@example.net,2024-03-15,US
263,gary cannon,sgonzalez@example.com,2023-11-17,US
264, Christopher Harrison ,wanderson@example.com,01/09/2023,United Kingdom
265,HAILEY BRAUN,william90@example.net,2024-01-12,Canada
266,david wilson,BRIAN48@EXAMPLE.NET,2023-08-13,USA
267, Christina Blackburn ,christopherking@example.org,2023-11-13,United Kingdom
268,DR. MEGAN MENDOZA,adavis@example.com,04/05/2025,United States
269,brittany hernandez,rosegordon@example.com,2025-06-26,USA
270, Veronica Lewis ,mpowell@example.net,2025-07-16,Canada
271,CHRISTOPHER CLARKE,kathy12@example.com,2024-08-09,Canada
272,rebecca smith,xhendricks@example.net,28/12/2025,United Kingdom
273, Jeffrey Nichols ,MELANIE69@EXAMPLE.NET,2026-02-13,USA
274,DR. JULIA FLYNN,sreese@example.com,2025-09-16,UK
275,andrew owens,dbrown@example.net,2023-07-19,
276, Michael Peterson ,cohencynthia@example.com,05/05/2024,United States
277,EDDIE WALL,jlyons@example.org,2025-07-14,United States
278,shelby wallace,washingtonjacqueline@example.org,2025-08-11,United States
279, James Jackson ,john18@example.com,2024-11-13,United States
280,TRACI BROWN,ESOLIS@EXAMPLE.COM,06/09/2025,Canada
281,daniel hamilton md,oturner@example.com,2024-09-22,Canada
282, John Ochoa ,murraymitchell@example.net,2023-09-10,USA
283,JACOB PRICE,elizabethgibson@example.net,2023-10-01,USA
284,joseph blackburn,michelle75@example.org,17/10/2023,US
285, Anthony Wilson ,slivingston@example.net,2025-10-06,CA
286,LISA HAYES,michael53@example.com,2025-03-30,United Kingdom
287,jesse king,DANIELSRACHEL@EXAMPLE.COM,2024-11-13,United Kingdom
288, Lauren Gray ,hannahvasquez@example.org,11/09/2023,US
289,CONNIE FLORES,patricia69@example.org,2025-02-26,Canada
290,alison reyes,zpreston@example.net,2024-04-17,UK
291, Leah Carrillo ,lynn78@example.net,2026-05-03,United Kingdom
292,TARA MOON,travisjones@example.com,15/08/2025,Canada
293,janet ramirez,karenbishop@example.net,2024-06-21,UK
294, Melissa Mason ,ACAMPBELL@EXAMPLE.ORG,2025-06-23,USA
295,SAMANTHA MILLER,christopherwhite@example.net,2025-01-23,UK
296,stephanie mercer,amy61@example.net,21/05/2024,US
297, Colton Horton ,irhodes@example.com,2025-03-09,CA
298,ASHLEY DEAN,ruizheather@example.net,2024-08-29,CA
299,dawn west,nbaker@example.net,2024-10-25,United States
300, Natasha Williams ,blanchardmary@example.net,26/07/2023,
301,DAVID FLEMING,FLETCHERLINDA@EXAMPLE.ORG,2024-05-11,USA
302,christian brown,johnsonhector@example.net,2024-04-23,UK
303, Melissa West ,kempmatthew@example.com,2023-08-04,US
304,RAYMOND EDWARDS,vanessahooper@example.net,25/06/2023,USA
305,lindsey howe,sean26@example.org,2024-10-12,United States
306, Sarah Mitchell ,proberts@example.net,2025-10-03,United States
307,MICHAEL MACK,zarellano@example.com,2025-05-27,Canada
308,joy wilkins,ORUSSELL@EXAMPLE.COM,09/12/2025,CA
309, Christopher Mclaughlin ,mitchelljennifer@example.net,2025-03-05,CA
310,TAMMY CRAIG,rebecca92@example.org,2025-02-15,US
311,stephanie jackson,tiffany95@example.com,2025-05-07,United States
312, Christian Fitzgerald ,perry06@example.com,04/03/2025,UK
313,JENNIFER JOHNSON,jstewart@example.net,2024-10-16,US
314,garrett foster,jbrown@example.net,2024-02-26,United States
315, Tommy Turner ,MICHELLEVALENCIA@EXAMPLE.COM,2024-06-25,United States
316,JENNIFER RAMIREZ,jordankaren@example.org,25/12/2023,UK
317,robert ball,jamesbarker@example.net,2024-06-24,CA
318, Curtis Best ,charles14@example.com,2025-07-16,Canada
319,BRIANNA MENDOZA,karinaday@example.com,2023-09-13,USA
320,sara bates,rjohnson@example.org,09/06/2024,United Kingdom
321, Amy Myers ,maldonadojonathan@example.org,2024-10-22,USA
322,MARK BISHOP,CAMPBELLJESSICA@EXAMPLE.ORG,2024-08-14,US
323,harry owens,cheryl65@example.com,2024-04-22,UK
324, Patrick Diaz ,campbelljennifer@example.net,14/06/2025,United Kingdom
325,MICHAEL CAMPBELL,malonedanielle@example.net,2024-10-28,
326,mr. william hernandez,kelseyyork@example.net,2023-06-12,United Kingdom
327, Tammy Lopez DVM ,danielsmary@example.net,2026-04-16,UK
328,TRAVIS MAYER,jamie47@example.org,19/08/2023,United Kingdom
329,victoria shields,BERRYGARY@EXAMPLE.NET,2025-09-28,US
330, Ashley Rodriguez ,pdavidson@example.org,2025-10-17,US
331,LINDSEY YOUNG,lowekirk@example.org,2025-03-12,United States
332,emily thomas,slittle@example.org,02/12/2023,US
333, Kelly Rollins ,derek43@example.com,2023-10-04,United States
334,BRIAN COOPER,andrewbarnes@example.net,2024-12-15,UK
335,tonya sullivan,justin56@example.com,2025-04-17,USA
336, Thomas Thompson ,CONTRERASDEBRA@EXAMPLE.ORG,24/03/2026,Canada
337,CHASE SOSA,nfinley@example.org,2023-12-28,UK
338,michelle arellano,acamacho@example.net,2023-06-28,CA
339, Jeffrey Stevenson ,steven76@example.com,2023-12-12,UK
340,ROGER WISE,baileylisa@example.net,25/11/2023,CA
341,thomas gill,jennifernorris@example.com,2026-04-20,UK
342, Anita Marshall ,julianwatkins@example.net,2025-09-04,Canada
343,CHRISTOPHER OWENS,REEDDAMON@EXAMPLE.ORG,2025-04-18,Canada
344,heather rodriguez,phillip93@example.net,21/03/2024,USA
345, Kim Pham ,carterkevin@example.net,2023-08-10,UK
346,JONATHAN JONES,gcole@example.net,2023-09-19,UK
347,nicholas russell,leah97@example.com,2024-01-24,UK
348, Edward Joseph Jr. ,andreagordon@example.net,22/02/2025,United Kingdom
349,AMANDA KELLER,william71@example.net,2025-02-14,US
350,rebecca hart,UJACOBS@EXAMPLE.ORG,2025-01-11,
351, Patrick Hernandez ,mdominguez@example.com,2023-11-22,United States
352,SCOTT SCOTT,sarah73@example.com,14/03/2025,CA
353,peter hayden,thomaspeters@example.com,2024-08-05,United States
354, Thomas Cervantes ,kelsey89@example.org,2025-11-03,CA
355,JORDAN JENKINS DVM,lgibbs@example.com,2025-01-01,Canada
356,yvonne swanson,ghickman@example.org,09/03/2026,CA
357, Christina Brown ,SCHULTZCHELSEA@EXAMPLE.NET,2026-02-17,UK
358,BENJAMIN GARCIA,jeremykelly@example.net,2025-07-14,United Kingdom
359,daniel alexander,hjoseph@example.net,2026-01-06,US
360, John Smith ,patrickmike@example.org,11/06/2024,US
361,LARRY HERNANDEZ,gschneider@example.net,2025-02-06,United Kingdom
362,john cook,umontgomery@example.net,2025-10-13,Canada
363, Beverly Lewis ,scottbrian@example.org,2023-08-29,CA
364,CHRISTINE FRANCO,FOXALEXANDRIA@EXAMPLE.NET,05/08/2025,United States
365,carla poole,collinswilliam@example.org,2023-09-08,USA
366, Michelle Johnson ,thomashannah@example.org,2023-11-03,UK
367,JILLIAN MACK,skinnerbrianna@example.org,2023-10-08,United States
368,jessica leblanc,qpatterson@example.com,09/01/2025,UK
369, Charles Anderson ,martinezpamela@example.com,2024-08-04,US
370,MICHAEL PATTERSON,dsmith@example.com,2025-02-08,CA
371,megan gibson,VGRAVES@EXAMPLE.COM,2025-09-12,USA
372, Patricia Jones ,chavezkara@example.com,11/08/2023,USA
373,SAMANTHA NORRIS,nancy94@example.org,2026-02-13,United Kingdom
374,dr. victoria solis,kimberlyjackson@example.com,2023-09-05,United Kingdom
375, Karen Gross ,vwinters@example.net,2026-04-15,
376,CASSIDY PIERCE,bgreen@example.net,24/06/2024,USA
377,cheryl smith,imurphy@example.net,2023-09-12,USA
378, Sarah Wood ,MARYPOPE@EXAMPLE.NET,2024-09-29,US
379,DANIELLE FOX,drakeaaron@example.com,2025-12-06,USA
380,dr. thomas bailey,riverahoward@example.com,18/06/2025,CA
381, Mr. Robert Davis ,kimdavis@example.net,2024-03-05,USA
382,DEBORAH KRAMER,cheryl78@example.net,2026-03-29,United Kingdom
383,tina campbell,dbuck@example.net,2023-11-06,UK
384, Bruce Robertson ,mark74@example.com,18/04/2026,United Kingdom
385,MRS. OLIVIA REEVES MD,LISA30@EXAMPLE.NET,2024-08-15,Canada
386,eric parks,jonathan71@example.net,2026-05-21,USA
387, Lauren Jackson ,graytravis@example.net,2025-04-04,United States
388,MATTHEW JENKINS,averyjeanette@example.com,24/12/2024,CA
389,cynthia woodard,matthew66@example.org,2025-11-15,USA
390, Monica Smith MD ,carsonalicia@example.org,2025-08-26,US
391,MAKAYLA JONES,ssingh@example.org,2024-01-15,USA
392,james white,MARTINLAUREN@EXAMPLE.ORG,27/04/2026,USA
393, Jeffrey Thornton ,megan11@example.net,2025-07-20,UK
394,MICHAEL FLOYD,christopherballard@example.net,2023-10-23,US
395,rebecca cook,timothylewis@example.com,2025-02-22,Canada
396, Robert Wheeler ,campbellpatrick@example.com,04/01/2024,USA
397,SEAN DYER,evansdaniel@example.org,2024-12-10,CA
398,john lee,brennanmichael@example.com,2025-04-14,US
399, Gregg Jimenez ,BASSTYLER@EXAMPLE.NET,2024-01-14,CA
400,JAKE ELLIOTT,jamie23@example.com,21/08/2023,
401,michael conner,lewisbonnie@example.com,2025-10-11,CA
402, Mario Bartlett ,rebecca53@example.net,2025-05-29,UK
403,EVAN WRIGHT,lhall@example.net,2026-03-14,CA
404,megan davis,thill@example.org,18/04/2026,UK
405, Susan Powers ,roberthale@example.com,2025-01-24,Canada
406,COURTNEY DAVIS,JLEE@EXAMPLE.NET,2024-10-15,United Kingdom
407,amanda cochran,bullockbrent@example.net,2026-02-28,United States
408, Shawn Osborne ,martinezchristine@example.com,24/02/2024,USA
409,SAMANTHA HERNANDEZ,patricia94@example.com,2025-05-09,UK
410,brittany hill,christopherreeves@example.net,2023-10-12,Canada
411, Brian Austin ,umorgan@example.net,2023-09-01,USA
412,TREVOR LYONS,upayne@example.net,21/09/2024,United Kingdom
413,john hicks,SHARONMCKENZIE@EXAMPLE.COM,2024-02-16,United States
414, Matthew Burns ,dominiqueluna@example.net,2025-07-23,CA
415,ROBERT TUCKER,jwilson@example.org,2024-01-20,CA
416,william doyle,alexanderjimenez@example.org,01/10/2024,United Kingdom
417, Jenna Wright ,johnsonanna@example.net,2023-10-20,USA
418,DAVID COOPER,jamesroach@example.net,2026-03-28,United States
419,taylor mitchell,qjones@example.com,2025-06-06,USA
420, Kayla Hamilton ,BENDERADAM@EXAMPLE.ORG,29/04/2026,UK
421,MICHELLE CLARK,ryanmyers@example.org,2025-01-05,United Kingdom
422,kristen hunter,bparker@example.com,2025-06-23,UK
423, Anne Matthews ,shepardanna@example.net,2024-05-19,United Kingdom
424,SETH YOUNG,owensallen@example.org,20/05/2024,Canada
425,heidi jones,pricemelissa@example.org,2024-06-26,
426, Steven Baker ,rwilliams@example.com,2023-07-11,CA
427,LISA EDWARDS,LOUISTHOMAS@EXAMPLE.NET,2023-10-14,Canada
428,matthew clark,garciawilliam@example.org,04/08/2024,USA
429, Jessica Miller ,hilljeffrey@example.net,2026-02-12,United States
430,LISA RANDOLPH,qmiller@example.net,2025-07-24,USA
431,douglas fisher,gweber@example.net,2024-08-17,Canada
432, Jeffrey Preston Jr. ,graychristina@example.com,06/03/2025,USA
433,NATALIE WILLIAMS MD,hdavis@example.org,2024-09-21,USA
434,daniel warren,MEYERSMARIA@EXAMPLE.NET,2026-04-18,United States
435, Vanessa Williams ,jenkinsmarvin@example.com,2026-04-22,UK
436,CARMEN ANDERSON DDS,caseyjamie@example.com,17/10/2024,United States
437,rebecca clark,raymond81@example.net,2023-10-27,United Kingdom
438, Kristen Dennis ,johnharris@example.net,2023-12-16,Canada
439,CAROL NOVAK,alexiskennedy@example.com,2024-11-08,UK
440,jessica webster,slittle@example.com,06/03/2024,United States
441, Karen Phelps ,KAYLA12@EXAMPLE.NET,2023-07-08,United Kingdom
442,JENNIFER MELTON,sullivanjeanette@example.org,2025-06-21,CA
443,cynthia osborn,wdavidson@example.org,2025-03-14,United Kingdom
444, Christopher Bush ,taylorregina@example.org,18/01/2024,US
445,STEPHANIE CASTRO,charleswoodward@example.net,2024-07-05,United States
446,patricia frye,zmolina@example.com,2026-05-14,Canada
447, Cassandra Valentine ,smithangela@example.net,2025-11-18,UK
448,ALICIA ROBINSON,TUCKERERIN@EXAMPLE.NET,31/03/2025,CA
449,shaun burns,karen60@example.com,2024-03-06,CA
450, Lisa Garcia ,ajackson@example.com,2023-10-14,
451,JAMES WILLIAMS,andrewmcgrath@example.net,2023-08-30,Canada
452,vanessa nichols,victor16@example.org,16/09/2023,United Kingdom
453, Samantha Jenkins ,caseyjoseph@example.org,2023-09-03,USA
454,LISA HOLT,alvarezcasey@example.com,2023-10-15,CA
455,timothy blake,YPAYNE@EXAMPLE.ORG,2025-04-01,US
456, Michael Johnson ,dwaller@example.net,10/06/2024,United Kingdom
457,ANGELA BLACKBURN,kbraun@example.org,2024-12-27,United States
458,brittney elliott,onewton@example.net,2024-12-25,UK
459, Suzanne Thomas ,xjensen@example.org,2025-03-06,USA
460,PAMELA ALVARADO,aprilwilliams@example.org,07/08/2025,US
461,paul jacobs,trevor40@example.com,2024-10-17,UK
462, Angelica Garcia ,ROBERTYOUNG@EXAMPLE.NET,2023-09-08,United States
463,LISA MOORE,dtaylor@example.org,2024-06-16,Canada
464,deanna gill,william07@example.org,06/06/2024,UK
465, Lisa Lloyd ,keykyle@example.com,2025-08-15,USA
466,KARLA BRADFORD,lambdave@example.com,2024-05-04,United States
467,christopher sandoval,cooperrandall@example.net,2025-11-14,UK
468, Erika Brown ,dominiquefarmer@example.org,01/04/2025,United States
469,KAREN CARTER,KROBINSON@EXAMPLE.COM,2024-05-27,Canada
470,robin ellis,ilopez@example.net,2024-07-15,USA
471, Susan Preston ,nelsonlisa@example.com,2024-10-15,USA
472,MATTHEW EVANS,matthewhenry@example.org,11/11/2024,UK
473,mary reynolds,brian20@example.com,2023-09-03,United States
474, Michael Colon ,gilbertjessica@example.com,2025-02-17,Canada
475,JOHNNY COX,andersonwilliam@example.net,2025-03-22,
476,brett winters,STEVEHUGHES@EXAMPLE.NET,18/08/2023,USA
477, Andrew Cox ,danny44@example.com,2025-03-24,UK
478,JOHN HART,baileycole@example.org,2025-07-21,United Kingdom
479,catherine hancock,stephenreilly@example.org,2025-08-13,United Kingdom
480, Yvette Wise ,zreid@example.net,07/05/2025,CA
481,DANIELLE FRANK,nicholasmartinez@example.net,2023-09-04,USA
482,renee benitez,obrienanthony@example.net,2023-12-19,US
483, Tiffany Burns ,CODY24@EXAMPLE.ORG,2024-08-21,USA
484,JAMIE LARSEN,jasmine82@example.net,13/01/2025,United Kingdom
485,james savage,nicholas48@example.org,2024-04-27,CA
486, Troy Harris ,cody49@example.com,2024-12-10,UK
487,MICHAEL SMITH,webbkenneth@example.org,2023-12-25,CA
488,sheila hutchinson,jesus35@example.org,16/05/2026,UK
489, Donald Allison ,douglas06@example.com,2024-07-18,CA
490,FERNANDO ORTIZ,TRACY82@EXAMPLE.NET,2024-10-23,UK
491,lisa jones,brownmichelle@example.org,2025-10-20,United Kingdom
492, Samantha Lewis ,jesus09@example.com,18/02/2024,United States
493,CHRISTINE DAVENPORT,mcdowellbarbara@example.org,2024-11-23,USA
494,mary mendez,staceywiley@example.org,2024-08-08,United States
495, Kaitlin Smith ,patricia01@example.com,2026-04-17,United States
496,BRENDA HARRIS,danielsantos@example.com,22/03/2026,Canada
497,kathy norris,MICHELLE21@EXAMPLE.COM,2024-02-20,US
498, Emily Walker ,cartersteven@example.net,2023-12-08,Canada
499,PAMELA WATSON,michael82@example.net,2025-12-25,Canada
500,jake orozco,danielwilkerson@example.net,28/11/2025,
